,vocab,meaning
0,spoof,v.揶揄，嘲讽
1,caustic,a.腐蚀性的；刻薄的；n.腐蚀剂
2,quixotic,a.不切实际的，空想的
3,languish,v.变得消瘦；衰弱
4,loath,a.不情愿的，勉强的
5,jaunty,a.愉快的，满足的
6,sepulchral,a.坟墓的；阴深的
7,knotty,a.有节疤的
8,prosaic,a.单调的，无趣的
9,demote,v.降级，降职
10,imperious,a.傲慢的，专横的
11,humdrum,a.单调的，乏味的
12,onset,n.(坏情况)开始发作
13,largesse,n.慷慨援助；施舍
14,derivative,a.派生的；无创意的
15,expurgate,v.删除；使纯洁
16,illuminate,v.阐明，解释；照亮
17,extemporize,v.即席演说
18,jabber,v.快而不清楚地说
19,exploit,v.剥削；开发利用；n.英勇行为
20,nettle,n.荨麻；v.烦忧，激恼
21,wretched,a.可怜的
22,dilapidate,v.(使)荒废，(使)毁坏
23,comity,n.礼让，礼仪
24,revelation,n.显示；泄露的事实
25,defy,v.违抗，藐视
26,incite,v.激发，刺激
27,preclude,v.避免，排除
28,ostensible,a.表面上的
29,divestiture,n.脱衣，卸下装饰；剥夺财产；取消称号
30,royalty,n.版税
31,savvy,a.有见识和精明能干的
32,transient,a.短暂的，转瞬即逝的
33,vile,a.恶劣的，卑鄙的
34,exculpate,v.开脱，申明无罪
35,amenable,a.顺从的，服从的
36,rage,n.盛怒；v.激怒
37,noxious,a.有害的，有毒的
38,germane,a.有密切关系的；贴切的
39,penance,n.自我惩罚
40,impudent,a.鲁莽的，无礼的
41,eclectic,a.折衷的，综合性的
42,palpable,a.可触知的，明显的
43,compunction,n.懊悔，良心不安
44,malicious,a.恶意的，怨毒的
45,alibi,n.不在场证明
46,versatile,a.多才多艺的；多用途的
47,conciliate,v.安抚，驯服
48,conspicuous,a.显著的，显而易见的
49,snare,n.罗网，陷阱
50,esoteric,a.秘传的；神秘的
51,neophyte,n.初学者，新手
52,corporeal,"a.物质的,肉体的"
53,recluse,n.隐士；a.隐居的
54,perquisite,n.固定津贴，利益
55,contravene,v.违反(法规，习俗)
56,insipid,a.乏味的，枯燥的
57,adamant,a.强硬的；固执的
58,vilify,v.辱骂，诽谤
59,peeve,v.使气恼，怨恨
60,elude,v.逃避；搞不清
61,copious,a.丰富的，多产的
62,varnish,n.清漆；v.涂上清漆
63,ethereal,a.太空；轻巧的
64,renovate,v.修复，装修，翻新
65,svelte,a.(女人)体态苗条的
66,influx,n.注入，涌入
67,fulminate,v.猛烈抨击，严厉谴责
68,tender,v.(希望对方接受的意见等)
69,repatriate,v.(自异国)遣返
70,delusion,n.欺骗，幻想
71,sensation,n.知觉；轰动(的事)
72,garble,v.曲解，窜改
73,retainer,n.侍从
74,avid,a.渴望的
75,fractious,a.(脾气)易怒的，好争吵的
76,penchant,n.爱好，嗜好
77,devout,a.虔敬的；忠诚的，忠心的
78,scoff,v.嘲笑；狼吞虎咽；n.嘲笑，笑柄
79,ripen,v.使成熟
80,affable,a.易于交谈的；和蔼的
81,disarray,n.混乱，漫无秩序
82,cunning,a.善于骗人的；灵巧的；n.欺诈行为
83,expansive,a.(指人)健谈的，开朗的；可扩大的，可伸展的
84,ribald,a.下流的，粗鄙的
85,elephantine,a.笨拙的，庞大的
86,redolent,a.芬芳的，芳香的
87,entrance,v.使出神，使入迷
88,dispose,v.使倾向；处理掉
89,nonplus,v.使窘困迷惑；n.迷惑，窘境
90,motley,a.混杂的；杂色的
91,anarchist,n.无政府主义者
92,tenuous,a.细薄的，稀薄的；空洞的
93,menace,v./n.威胁，危险
94,nonchalant,a.冷漠的
95,byzantine,a.像迷宫似的；难变更的
96,outlandish,a.古怪的
97,surly,a.脾气暴躁的；阴沉的
98,eminent,a.著名的，显著的
99,minimize,v.把…减至最低数量或程度
100,practitioner,n.开业者；从事某种手艺者
101,conducive,a.对…有益的
102,relapse,n.旧病复发；再恶化；v.旧病复发，再恶化
103,invidious,a.惹人反感的，导致伤害和仇恨的，招人嫉妒的
104,pinnacle,n.尖塔；山峰，顶峰
105,balk,n.大方木料；v.阻止妨碍；畏缩不前
106,vulgar,a.无教养的
107,salutary,a.有益的，有益健康的
108,nitpick,v.挑剔，吹毛求疵
109,conjure,v.恳求 祈求；变魔术，变戏法
110,timorous,a.胆小的，胆怯的
111,proprietary,a.私有的
112,verbose,a.冗长的，罗嗦的
113,frivolous,a.轻薄的，轻佻的
114,empirical,a.经验的，实证的
115,approbation,n.许可，批准
116,dissipate,v.(使)驱散；浪费
117,obsequious,a.逢迎的，谄媚的
118,somber,a.忧郁的；阴暗的
119,tendentious,a.有偏见的
120,merited,a.该得的，理所当然的
121,poseur,n.装模作样的人
122,hermetic,a.密封的；深奥的
123,fledgling,n.正在学习飞行的幼鸟；无经验的人
124,antiquated,a.陈旧的，过时的
125,groove,n.凹线；(刻出的)线条；习惯
126,snub,v.冷落，不理睬
127,contiguous,a.接壤的，连续的
128,champion,n.冠军，斗士；拥护者；v.拥护
129,peremptory,a.不容反抗的；专横的
130,paranoid,a.偏执狂的，过分怀疑的
131,insolent,a.粗野的，无礼的
132,officious,a.爱发命令的，好忠告的；过度殷勤的
133,expediency,n.方便；权宜之计
134,persistence,n.坚持不懈，持续
135,inimitable,a.无法仿效的，不可比拟的
136,consign,v.托运，托管
137,default,v./n.拖债；未履行的责任
138,pertain,v.属于；关于
139,goldbrick,v.逃避责任，偷懒
140,frugal,a.节约的，节俭的
141,levity,n.轻率；轻浮
142,disabuse,v.打消(某人的)错误念头；纠正
143,swerve,v.突然改变方向
144,slight,a.微小的；n./v.轻蔑
145,turmoil,n.混乱，骚乱
146,nugatory,a.无价值的，琐碎的
147,deplore,v.悲悼，哀叹
148,conflate,v.合并
149,perpetual,a.连续不断的；永久的
150,patronize,v.以高人一等的态度对待；光顾，惠顾
151,facile,a.容易做的；肤浅的
152,amble,n./v.漫步，缓行
153,sermon,n.布道；说教，训诫
154,subterfuge,n.诡计，托辞
155,tumult,n.乱哄哄
156,mulish,a.骡一样的，执拗的
157,doodle,v.胡乱画；混时间
158,turbulent,a.导致动乱的；骚乱的
159,vacuous,a.发呆的，愚笨的
160,subsidy,n.补助金
161,inquisitive,a.过分好问的；好奇的
162,acrid,a.辛辣的，刻薄的
163,commodious,a.宽敞的
164,repulse,v.驱逐，击退；厌恶；n.驱逐，击退，厌恶
165,feeble,a.虚弱的
166,liken,v.把…比作…
167,scrawl,v.潦草地写，乱涂
168,discompose,v.使失态，慌张
169,commensurate,a.同样大小的；相称的
170,cling,v.附着，紧贴；舍不得放弃
171,patriot,n.爱国者，爱国主义者
172,translucent,a.(半)透明的
173,wastrel,n.挥霍无度的人
174,provident,a.深谋远虑的；节俭的
175,doctrinaire,n.空论家；a.教条的，迂腐的
176,opine,v.想，以为
177,indigent,a.贫穷的，贫困的
178,surrogate,n.代替品；代理人
179,cognizant,a.知道的，了解的
180,dexterous,a.灵巧的，熟练的
181,slate,n.石板；候选人名单；v.提名
182,hideous,a.讨厌的，丑恶的
183,preeminent,a.出类拔萃的
184,procure,v.取得，获得
185,unflappable,a.不惊慌的，镇定的
186,remiss,a.疏忽的，不留心的
187,denigrate,v.污蔑，诽谤
188,incendiary,a.放火的，纵火的
189,genteel,a.上流社会的；装作彬彬有礼的
190,swagger,v.大摇大摆地走
191,barrage,n.弹幕
192,lash,n.鞭子；v.鞭打；捆住
193,farce,n.闹剧；荒谬胡闹
194,coarse,a.粗糙的；低劣的，粗俗的
195,misrepresent,v.误传，歪曲
196,lush,a.繁茂的，茂盛的
197,fetid,a.有恶臭的
198,evacuate,v.撤退；撤离
199,telling,a.有效的，显著的
200,inchoate,a.刚开始的；未发展的
201,mite,n.极小量；小虫
202,winnow,v.把(谷物)的杂质吹掉，扬去
203,transcend,v.超越，胜过
204,perilous,a.危险的，冒险的
205,pedestrian,a.徒步的；缺乏想像的；n.行人
206,beleaguer,v.围攻
207,recoil,v.退却，退缩
208,ostracize,v.放逐，排斥
209,ticklish,a.怕痒的；易怒的
210,lurid,a.耀眼的；骇人听闻的
211,lenient,a.宽大的；仁慈的
212,panacea,n.万灵药
213,orient,a.上升的；v.确定方向；使熟悉情况
214,cede,v.割让(土地权利)，放弃
215,unanimous,a.全体意见一致的
216,rumple,v.弄皱，弄乱
217,mawkish,a.自作多情的；淡而无味的，令人作呕的
218,muffle,v.使声音降低；裹住
219,arbitrary,a.专横武断的，不理智的
220,temporize,v.拖延；见风使舵
221,liability,n.责任；债务
222,latent,a.潜伏的
223,doff,v.脱掉
224,emigrate,v.移民
225,hortative,a.激励的
226,wither,v.枯萎，凋零
227,fad,n.(流行一时的)狂热，时尚
228,barter,v.货物交换
229,mellifluous,a.(音乐等)柔美流畅的
230,confound,v.使迷惑，搞混
231,cajole,v.(以甜言蜜语)哄骗
232,jest,v./n.说笑，玩笑
233,perforate,v.打洞
234,stock,a.普通的，惯用的；n.存货
235,hoax,n./v.骗局，欺骗
236,etch,v.蚀刻；铭记
237,spat,n.口角，小争论
238,noisome,a.恶臭的；令人不快的
239,kindle,v.着火，点燃
240,germinate,v.发芽；发展
241,rupture,n./v.破裂，断裂
242,tepid,a.微温的
243,monologue,n.独白；个人长篇演说
244,pristine,a.太古的；纯洁的；新鲜的
245,dyspeptic,a.消化不良的；不高兴的
246,vicarious,a.替代的，代理的
247,infiltrate,v.渗透，渗入
248,substitute,n.代替品；v.代替
249,quell,v.制止，镇压
250,flag,v.减弱，衰退；枯萎
251,recumbent,a.侧卧的；休息的
252,pundit,n.权威人士，专家
253,hoard,v./n.贮藏，秘藏
254,seminal,a.有创意的
255,conundrum,n.难题；谜语
256,despotic,a.专横的，暴虐的
257,rudimentary,a.初步的，未充分发展的
258,ramble,n./v.漫步
259,indemnity,n.赔偿；保证
260,cosmopolitan,n.世界主义者，四海为家的人
261,immemorial,a.太古的，极古的
262,inane,a.无意义的；空洞的
263,pusillanimous,a.胆小的
264,acute,a.灵敏的；[病]急性的
265,hallucination,n.幻觉，幻视
266,commencement,n.开始；毕业典礼
267,gild,v.镀金；虚饰
268,crumple,v.弄皱；破裂
269,presage,n.预感；v.预示
270,contract,n.合同；v.订合同；收缩
271,choleric,a.易怒的，暴躁的
272,fraudulent,a.欺骗的，不诚实的
273,depreciate,v.轻视；贬值
274,dormant,a.冬眠的；静止的
275,blithe,a.愉快的，无忧无虑的
276,provisory,a.有附带条件的
277,speck,n.斑点；少量
278,emulate,v.努力赶上或超越
279,valediction,n.告别演说
280,attune,(to)v.使调和
281,modicum,n.少量
282,bland,a.(人)情绪平稳的；(食物)乏味的  = 平淡无奇的
283,quaff,v.痛饮，畅饮
284,incense,n.香，香味；v.激怒
285,cumbersome,a.笨重的
286,meager,a.贫乏的；削瘦的
287,beset,v.镶嵌；困扰
288,baroque,n./a.(艺术、建筑等)过分雕琢(的)
289,sate,v.使心满意足，使厌腻
290,pseudonym,n.假名，笔名
291,barricade,v./n.路障，栅栏
292,pirate,n.海盗，剽窃者；v.盗印；掠夺
293,rustic,a.乡村的，乡土气的
294,strip,v.剥去；n.狭长的一片
295,truculent,a.残暴的，凶狠的
296,random,a.没有明确目的、计划或者目标的；偶然的，随便的
297,lug,v./n.拖，拉
298,stultify,v.使变得荒谬可笑；使无用
299,stammer,v.口吃，结巴
300,grandeur,n.壮丽，伟大
301,steep,v.浸泡，浸透
302,dreary,a.沉闷的，乏味的
303,glib,a.流利圆滑的，善辩的
304,superfluous,a.多余的，累赘的
305,contrived,a.人为的，不自然的，做作的
306,manuscript,n.手稿；手抄本
307,bellwether,n.领导者，领头羊
308,feral,a.凶猛的，野的
309,forthright,a.直率的
310,rambunctious,a.骚乱的；(兴奋)控制不了的
311,perish,v.死，暴卒
312,cow,v.威胁
313,withhold,v.扣留，保留
314,chronic,a.慢性的，长期的
315,montage,n.蒙太奇；拼集画
316,fathom,n.英寻(量水深用，1.83米)；v.彻底明白，了解
317,testy,a.性急的，暴躁的
318,ethos,n.(个人、团体或民族)道德风貌，思潮，信仰
319,resurrect,v.使复活；复兴
320,myriad,a.许多的，无数的
321,demanding,a.苛刻的，过分要求的
322,plummet,v.垂直或突然坠下
323,raspy,a.(声音)刺耳的；恼人的
324,boisterous,a.喧闹的；猛烈的
325,augur,n.占卜师；v.占卜
326,privation,n.丧失，贫困
327,oust,v.驱逐；把…赶走
328,tempestuous,a.狂暴的
329,suffocate,v.(使)窒息而死
330,whet,v.磨快；刺激
331,nautical,a.船员的，航海的
332,glisten,v.闪烁，闪耀
333,mirage,n.幻影，海市蜃楼
334,swindle,v.诈骗
335,perfunctory,a.草率的，敷衍的
336,despicable,a.可鄙的，卑劣的
337,flaw,n.瑕疵；v.生裂缝；有瑕疵
338,snobbish,a.势利眼的；假充绅士的
339,green,a.新鲜的，未成熟的，无经验的
340,puissance,n.权力
341,uncouth,a.粗野笨拙的
342,concord,n.和睦，和谐；一致
343,impuissance,n.无力，虚弱
344,scorch,v.烤焦，烧焦
345,exacerbate,v.加重，恶化
346,vouch,v.担保，证明
347,grovel,v.摇尾乞怜，奴颜婢膝
348,stray,v.偏离，迷路；a.迷了路的；零落的
349,torrential,a.奔流的，洪流的
350,eulogize,v.称赞，颂扬
351,pellucid,a.清晰的，清澈的
352,scourge,n.鞭笞；磨难；v.鞭笞，磨难
353,overshadow,v.遮蔽，使失色
354,halcyon,a.平静的；愉快的
355,vendor,n.小贩
356,trickle,v.一滴滴地流；n.细流
357,chameleon,n.变色龙，善变之人
358,exult,v.欢腾，喜悦
359,responsive,a.敏感的，反应快的
360,spike,n.长钉，大钉
361,console,v.安慰，抚慰
362,capitulate,"v.(有条件地)投降,屈服"
363,hoary,a.(头发)灰白的；古老的
364,vigilant,a.机警的，警惕的
365,indifferent,a.不感兴趣的，漠不关心的
366,repudiate,v.拒绝，抛弃
367,inveterate,a.积习已深的
368,linger,v.逗留，留恋
369,dabble,v.涉足，浅赏
370,monolithic,a.巨石的，巨大的
371,abate,v.减轻，减少
372,scrappy,a.碎片的；好斗的；坚毅的
373,imprudent,a.轻率的；不智的
374,synchronous,a.同时发生的
375,patrician,n.贵族
376,accrete,v.共生，增长
377,renounce,v.(正式)放弃
378,disinfect,v.杀菌，消毒
379,prologue,n.开场白；序幕
380,brittle,a.易碎的，脆弱的
381,spleen,n.怨怒
382,languor,n.身心疲惫
383,macabre,a.骇人的，可怖的
384,rakish,a.潇洒的；放荡的
385,adore,v.崇拜；热爱
386,compelling,a.引起兴趣的
387,agitate,v.搅动，煽动；使不安，使焦虑
388,acerbic,a.苦涩的；刻薄的
389,propitious,a.吉利的；顺利的
390,dismay,n.沮丧，气馁；v.使气馁
391,sanction,n./v.批准，认可
392,slack,a.懒散的，懈怠的；(绳)松弛的；v.松懈，怠惰
393,moribund,a.即将结束的；垂死的
394,overt,a.公开的，非秘密的
395,obstinate,a.固执的，倔强的
396,revenge,n.报复，报仇
397,viable,a.可行的；能活下去的
398,perspicuity,n.明晰；聪明睿智
399,plush,a.豪华的
400,sanity,n.神志清楚
401,interim,n.中间时期，过渡时期；a.暂时的
402,reel,n.卷轴，旋转；v.卷…于轴上
403,cessation,n.中止，(短暂的)停止
404,guile,n.欺诈，狡猾
405,apposite,a.适当的，恰当的
406,supercilious,a.目中无人的
407,repine,v.不满，心中抱怨
408,imposing,a.壮丽的，雄伟的
409,spiny,a.针状的；多刺的，棘手的
410,credulous,a.轻信的，易信的
411,heckle,v.诘问，困扰
412,invective,n.猛烈抨击，痛骂
413,annul,v.宣告无效；取消
414,invoke,v.祈求；恳求；(法律的)实施生效
415,repel,v.击退，使…反感
416,monarch,n.君主，帝王
417,reproach,n.谴责，责骂
418,rebuff,v.断然拒绝
419,veto,n.否决，禁止
420,fatuous,a.愚昧而不自知的
421,discretionary,a.自由决定的
422,ungainly,a.笨拙的
423,spur,v.刺激，激励；用马刺刺马
424,intensify,v.加剧
425,sift,v.筛，过滤
426,surpass,v.超过
427,ragged,a.破烂的
428,miscreant,n.恶棍，歹徒
429,restitution,n.归偿；赔偿
430,susceptible,a.易受影响的，脆弱的
431,sly,a.狡猾的，鬼鬼祟祟的
432,stature,n.身高，身材
433,surmise,n.推测，猜测；v.推测
434,leery,a.机警的，怀疑的
435,temerity,n.鲁莽，大胆
436,humiliate,v.使屈辱
437,ensue,v.继而发生
438,turpitude,n.邪恶，卑鄙(行为)
439,satirize,v.讽刺
440,nauseate,v.使作呕，使厌恶
441,court,n.法庭；v.献殷勤；追求
442,terse,a.简洁的，简明的
443,reconcile,v.和解，调和
444,babble,v.胡言乱语；牙牙学语；喋喋不休
445,machination,n.阴谋
446,eavesdrop,v.偷听，窃听
447,contempt,轻视，鄙视
448,circumscribe,"v.限制,外接"
449,jog,v.慢而平静地前进
450,novice,n.生手，新手
451,inch,v.慢慢前进，慢慢移动
452,clandestine,a.秘密的，偷偷摸摸的
453,peck,v.啄食；轻啄
454,philistine,n.庸人，市侩
455,rescind,v.废除，取消
456,incinerate,v.焚化，毁弃
457,wry,a.扭曲的；冷嘲性幽默的
458,inflame,v.使燃烧；激怒(某人)
459,impunity,n.免除惩罚
460,bargain,n.交易; 物美价廉的东西；v.讨价还价
461,rein,n.缰绳；v.控制
462,vaccinate,v.给…接种疫苗
463,nourish,v.滋养，怀有(希望等)
464,careworn,a.饱经风霜的，受忧虑折磨的
465,univocal,a.意思明确的
466,permeable,a.可渗透的(penetrable)
467,relentless,a.无情的，残酷的
468,paean,n.赞美歌，颂歌
469,umbrage,n.不快，愤怒
470,adjourn,v.使延期，推迟；休会
471,proffer,n./v.献出，赠送；提议，建议
472,volition,n.决断力，意志
473,secrete,v.隐藏；分泌
474,stomach,v.吃得下；容忍
475,naysay,v.拒绝，说不
476,evict,v.(依法)驱逐
477,extricate,v.拯救，救出
478,credence,n.相信，信任
479,airtight,a.密闭的，不透气的
480,levelheaded,a.头脑冷静的，稳健的
481,paucity,n.小量，缺乏
482,curt,a.(言词、行为)简略而草率的
483,accede,v.同意
484,prophetic,a.先知的，预言的，预示的
485,lank,a.瘦削的；长而软的
486,unwonted,a.不寻常的，不习惯的
487,imbroglio,n.纠纷，纠葛
488,preface,n.序言
489,petty,a.琐碎的；小心眼的
490,appropriate,v.拨款；盗用；a.恰当的
491,sham,n.虚假；v.伪装
492,mettle,n.勇气，斗志
493,barbarous,a.野蛮的；残暴的
494,venial,a.(错误等)轻微的，可原谅的
495,nudge,v.(用肘)轻触，轻推
496,ream,n.令(纸张的计数单位)
497,aspirant,n.有抱负者
498,ingenious,a.聪明的，有发明天才的
499,extort,v.强索，敲诈
500,adhere,v.粘着 stick
501,stigmatize,v.污蔑，玷污
502,sabotage,n.阴谋破坏，颠覆活动
503,rite,n.(宗教的)仪式
504,skimp,v.节省花费
505,turncoat,n.背叛者，变节者
506,acumen,n.敏锐，精明
507,chicanery,n.诡计，狡诈
508,mandatory,a.命令的，强迫的
509,conscientious,a.尽责的；小心谨慎的，一丝不苟的
510,indict,v.控诉，起诉
511,clumsy,a.笨拙的
512,chauvinistic,a.盲目爱国的
513,husk,n.外壳；皮，荚
514,repeal,v.废除(法律)
515,jolt,v.颠簸着移动；n.震动，摇晃
516,erratic,a.反复无常的；古怪的
517,abrogate,v.废止，废除
518,ossify,v.硬化，骨化；使(传统)僵化
519,provisional,a.暂时的，临时的
520,ruffle,v.弄皱；激怒；n.皱边(装饰衣服)
521,chord,n.和弦，和音
522,adulate,v.谄媚，奉承
523,revolt,v.叛乱，造反；反感
524,fortify,v.加强防卫
525,infuriate,v.使(人)极为愤怒
526,expostulate,v.(对人或行为进行)抗议，告诫
527,curmudgeon,n.脾气暴躁之人
528,precursor,n.先驱，先兆
529,knit,v.编织
530,incarnate,a.具有肉体的；化身的
531,earsplitting,a.震耳欲聋的
532,assiduous,a.勤勉的；专心的
533,tentative,a.试探性的，尝试性的
534,threadbare,a.磨破的，陈腐的
535,catholic,a.广泛的；宽宏大量的
536,flaccid,a.松弛的；软弱的
537,deliberate,a.深思熟虑的，故意的；v.慎重考虑
538,mutter,v.咕哝，嘀咕
539,irate,a.发怒的
540,luxurious,a.奢侈的，豪华的
541,proclaim,v.宣告，宣布；显示
542,ignominy,n.羞耻，屈辱
543,regress,v.使倒退，复原，逆行
544,mime,n.哑剧表演；哑剧(演员)
545,aphorism,n.格言
546,providential,a.幸运的；恰到好处的
547,stoic,n.坚忍克己之人
548,irk,v.使苦恼的，厌烦
549,scrutable,a.可以理解的
550,dissuade,v.劝阻，阻止
551,saunter,n./v.闲逛，漫步
552,sedate,a.镇静的
553,squelch,v.压制，镇压
554,macerate,v.浸软；消瘦
555,xenophobe,n.惧外者；排外者
556,exasperate,v.激怒，使恼怒
557,polemic,n.争论，论战
558,prosperous,a.繁荣富强的
559,consonant,a.调和的，一致的
560,scribble,v.乱写，乱涂
561,vagary,n.奇想，异想天开
562,promulgate,v.颁布(法令)；宣传
563,dire,a.可怕的
564,concur,v.意见相同，一致
565,philanthropic,a.博爱的
566,mesh,v.用网捕捉；齿合
567,infuse,v.灌输；鼓励
568,applicable,a.可适用的，适合的
569,preach,v.传教，讲道
570,kindred,a.同类的，种族的
571,lumber,v.蹒跚而行，笨拙地走；n.杂物；木材
572,authentic,a.真正的；法律证实的
573,discursive,a.散漫的，无层次的
574,murky,a.黑暗的；朦胧的
575,precipitate,v.加速，促成；a.鲁莽的
576,judicious,a.有判断力的；明智的
577,momentum,n.推进力，势头
578,cement,n.水泥；胶粘剂；v.粘合，巩固
579,filibuster,v./n.妨碍议事，阻挠
580,squall,n.短暂、突然且猛烈的风暴；短暂的骚动
581,meditate,v.沉思，反省
582,venerate,v.崇敬，敬仰
583,dart,n.飞镖；v.急驰；投射
584,strut,v.趾高气扬地走；n.支柱
585,boon,n.恩惠，天赐福利
586,sullen,a.忧郁的
587,glower,v.怒目而视
588,ineluctable,a.不能逃避的
589,gallant,a.勇敢的；(向女人)献殷勤的
590,forebode,v.预感，凶兆
591,euphoria,n.幸福愉快感
592,arresting,a.显著的，引人注意的
593,charisma,n.(大众爱戴的)领袖气质；魅力
594,solicitous,a.热切的；挂念的
595,exotic,a.珍奇的；来自异国的
596,refute,v.驳斥
597,discomfit,v.使懊恼；使难堪
598,dupe,n.易上当的人
599,rift,n.裂口，断裂；矛盾
600,outmoded,a.不再流行的
601,cacophony,n.难听的音调
602,tranquility,n.宁静，安静
603,provenance,n.(艺术等的)出处，起源
604,detritus,n.碎屑；废墟
605,elucidate,v.阐明，说明
606,ingrained,a.根深蒂固的
607,stint,v.吝惜，节省
608,dolorous,a.悲哀的，忧愁的
609,grumble,v.喃喃诉苦，发怨言
610,retaliate,v.报复，反击
611,safeguard,n.防范措施
612,aggrandize,v.增大，扩张；吹棒
613,coda,n.乐曲的尾声
614,denounce,v.指责
615,resilience,n.弹性，弹力
616,seemly,a.得体的，适宜的
617,craven,a.懦弱的，畏缩的
618,requite,v.报答；报复
619,debark,v.下船，下飞机，下车，卸载
620,skirt,v.环绕，逃避
621,toy,v.不认真考虑，玩弄
622,immure,v.监禁
623,graft,v./n.嫁接；贪污
624,bore,v.钻孔；使厌烦；n.孔；令人厌烦的人
625,fussy,a.爱挑剔的
626,requisite,n.必需物；a.必要的
627,hypothetical,a.假设的
628,dispassionate,a.平心静气的
629,bait,n.诱饵；v.逗弄；激怒
630,commonplace,a.平常的
631,impenetrable,a.不能穿透的；不可理解的
632,chagrin,v./n.失望，懊恼
633,secular,a.世俗的，尘世的
634,measured,a.精确的；慎重的
635,omniscient,a.无所不知的，博识的
636,rive,v.撕开，分裂
637,explicate,v.详细解说
638,catharsis,n.宣泄，净化
639,besmirch,v.诽谤，玷污
640,sparing,a.节俭的
641,perfidy,n.不忠，背叛
642,conform,(to)v.遵从，顺应
643,emancipate,v.解放，解除
644,chivalrous,a.侠义的；对女人彬彬有礼的
645,ordeal,n.严峻考验，痛苦经验
646,spate,n.大批，大量；(水)泛滥
647,sinew,n.腱，肌肉)；力量
648,trumpet,n.喇叭，小号
649,abash,v.使害羞，使尴尬
650,nominal,a.名义上的，有名无实的
651,grisly,a.恐怖的，可怕的
652,brook,n.小溪
653,pejorative,a.带有轻蔑意义的，贬低的
654,relish,n.味道；喜好；v.喜好，享受
655,headlong,adj./adv.轻率的(地)，迅猛的(地)
656,torpid,a.懒散的，死气沉沉的
657,limp,v.跛行；a.软弱的，松软的
658,hasten,v.催促，促进
659,lament,v./n.悲伤；哀悼
660,fleeting,a.短暂的，飞逝的
661,dodder,v.蹒跚，摇摆
662,rampant,a.蔓生的，猖獗的
663,cleave,v.劈开；分裂
664,constitute,v.组成，构成；建立
665,sage,a.智慧的；n.智者
666,imperturbable,a.冷静的，沉着的
667,bedeck,v.装饰，修饰
668,intercessor,n.仲裁者
669,rant,v.咆哮；口出狂言
670,instigate,v.发起，煽动
671,glutinous,a.粘的，胶状的
672,compliant,a.服从的，顺从的
673,bolster,n.枕垫；v.支持，鼓励
674,protean,a.变化多端的，多变的
675,cantankerous,a.脾气坏的，爱争吵的
676,blast,>n.一阵(大风)；冲击波；v.爆破；枯萎
677,proliferate,v.繁殖；激增
678,charlatan,n.江湖郎中，骗子
679,desultory,a.不连贯的，散漫的
680,blunt,a.钝的；直率的；v.变钝
681,outset,n.开始，开头
682,exuberant,a.(人)充满活力的(植物)茂盛的
683,drone,v.嗡嗡地响，单调地说；n.单调的低音
684,antagonize,v.使对抗；与…对抗
685,deter,v.威慑，吓住；阻止
686,aspect,n.(问题等的)方面；面貌，外表
687,distinctive,a.出众的，有特色的
688,mollycoddle,v.过分爱惜，娇惯；n.娇生惯养的人
689,plaintive,a.可怜的，伤心的
690,smirk,v.假笑，得意地笑
691,accord,v./n.同意；一致
692,dogged,a.顽强的
693,predestine,v.注定
694,impenitent,a.不悔悟的
695,savant,n.博学之士，大学士
696,specious,a.似是而非的；华而不实的
697,inter,v.埋葬
698,prowess,n.勇敢；不凡的能力
699,encompass,v.包围，围绕
700,respite,n.休息；暂缓
701,loll,v.懒洋洋地坐或卧
702,instate,v.任命，安置
703,innovative,a.革新的
704,palatial,a.宫殿般的；宏伟的
705,remnant,n.残余物；零头布料
706,manumit,v.解放(奴隶)
707,watershed,n.分水岭，转折点
708,sop,n.泡过的食品；安慰品
709,malfeasance,n.不法行为，渎职
710,homogenize,v.使均匀，使一致
711,fickle,a.(爱情或友谊上)易变的，不坚定的
712,florid,a.华丽的；(脸)红润的
713,bogus,a.假装的，假的
714,viscid,a.粘性的
715,calculated,a.计算出的，精心策划的，蓄意的
716,recondite,a.深奥的
717,prospect,v.勘探；n.期望；前景
718,illuminati,n.先觉者，智者
719,impugn,v.指责，对…表示怀疑
720,impending,a.行将发生的，逼近的
721,simulate,v.假装，模仿
722,chasm,n.深渊，裂沟；巨大差别(鸿沟)
723,effulgent,a.灿烂的
724,engender,v.产生，引起
725,obloquy,n.大骂，斥责
726,brash,audacious
727,caricature,n.讽刺画；滑稽模仿
728,cosset,v.宠爱，溺爱
729,infraction,n.违法
730,innocuous,a.(行为，言论等)无害的
731,issue,v.出来，流出；发给，分发；n.(书刊的)期
732,mania,n.癫狂；狂热
733,extenuate,v.掩饰(罪行)，减轻罪过
734,tractable,a.易于驾驭的，温顺的
735,off-key,a.走调的，不和谐的
736,mangle,v.毁损；撕成碎片，压碎
737,lull,n.活动的暂停；v.使平静
738,inalienable,a.不可剥夺的
739,quack,n.冒充内行之人；庸医
740,throng,n.一大群；v.拥挤
741,reverberate,v.起回声，反响
742,agility,n.敏捷
743,mitigate,v.减轻，缓和
744,orthodox,a.正统的
745,corroborate,v.支持或证实；强化
746,implement,n.工具，器具；v.实现，实施
747,propitiate,v.讨好；抚慰
748,pulverize,v.压成细粉；彻底击败
749,blatant,a.公然的，显眼的；喧哗的
750,barb,n.(鱼钩的)倒钩；严厉的批评
751,somatic,a.肉体的
752,harry,v.掠夺，袭扰，折磨
753,accolade,n.荣誉，赞扬
754,scruple,n.顾忌，迟疑；v.顾忌
755,illusory,a.虚幻的
756,dapper,a.整洁漂亮的；动作敏捷的
757,ascetic,a.禁欲的；n.苦行者
758,perspicacious,a.独具慧眼的
759,pan,v.严厉批评
760,abjure,v.发誓放弃
761,delineate,v.描画
762,obeisance,n.鞠躬，敬礼
763,harrow,n.耙；v.使痛苦
764,contemplate,v.沉思
765,viscous,a.粘的
766,waffle,n.蛋奶烘饼；v.胡扯，唠叨
767,apt,a.易于…的，恰当的
768,lucrative,a.赚钱的，有利可图的
769,prod,v.刺，捅；激励
770,flounder,v.挣扎；艰苦地移动；n.比目鱼
771,obfuscate,v.使困惑，使迷惑
772,rue,n.后悔，遗憾
773,waft,v.飘浮，飘荡
774,sublime,a.崇高的
775,prudent,a.审慎的，三思而后行的，精明的
776,demoralize,v.使士气低落
777,wilt,v.使…凋谢，枯萎
778,lacerate,v.撕裂；深深伤害
779,solemnity,n.庄严，肃穆
780,hauteur,n.傲慢
781,archetype,n.原型；典型例子
782,elliptical,a.椭圆的；晦涩的；省略的
783,bumptious,a.傲慢的，自夸的
784,pallid,a.苍白的，没血色的
785,solace,n.安慰，慰藉
786,loquacious,a.多嘴的，饶舌的
787,purloin,v.偷窃
788,sacrilege,n.亵渎，冒犯神灵
789,fetter,n./v.(带)脚镣；束缚
790,badger,n.獾；v.纠缠不休
791,taut,a.绷紧的
792,transitory,a.短暂的
793,apprise,v.通知，告诉
794,assuage,v.缓和，减轻
795,schism,n.组织分裂
796,wily,a.狡猾的
797,preempt,v.以先买权取得)；取代
798,surmount,v.克服，战胜
799,imbibe,v.饮；吸入
800,squalid,a.污秽的，肮脏的
801,abstruse,a.难懂的，深奥的
802,chase,v.雕镂；追捕
803,amity,n.(人或国之间的)友好关系
804,padding,n.衬垫，填料
805,sporadic,a.不定时发生的
806,resurgence,n.再起，复活，再现
807,balloon,n.气球；v.快速增加
808,sneer,v.嘲笑，鄙视
809,inveigle,v.诱骗，诱使
810,forestall,v.先发制人，预先阻止
811,disparate,a.迥然不同的
812,generic,a.种类的，类属的
813,partisan,n.党派支持者；党徒
814,shiftless,a.没有决断力的；偷懒的；无能的
815,rapt,a.专心致志的，全神贯注的
816,foment,v.煽动，助长(坏事)
817,elegy,n.哀歌，挽歌 dirge
818,berate,v.严斥，猛烈责骂
819,backhanded,a.间接的；反手击球的
820,uphold,v.维护，支持
821,amenity,n.礼仪；舒适愉快
822,formidable,a.可怕的；困难的
823,sidestep,v.横跨一步以躲避；回避
824,sybarite,n.奢侈逸乐的人
825,check,v.使突然停止，阻止
826,infelicitous,a.不幸的，不妥当的
827,particularize,v.详述，列举
828,reign,n.统治时期；王朝；领域
829,pigment,n.天然色素；干粉颜料
830,austere,a.朴素的
831,gossamer,n.蛛丝；薄纱；a.轻而薄的
832,apocalyptic,a.预示世界末日的；启示的
833,embed,v.牢牢插入，嵌于
834,warp,v./n.翘起，弯曲
835,surrender,v.投降；放弃；归还
836,facilitate,v.使容易，促进
837,lurch,n.突然向前或旁边倒；v.蹒跚而行
838,nascent,a.初生的，萌芽的
839,frail,a.脆弱的；不坚实的
840,considerable,a.相当多的，值得考虑的
841,fester,v.(指伤口)溃烂，化脓
842,disjunctive,a.分离的，相反的
843,ravel,v.纠缠，纠结；拆开，拆散
844,parody,n.模仿性嘲弄文章或表演；拙劣的模仿
845,shrewd,a.判断敏捷的，精明的
846,wane,v.减少，衰微
847,commingle,v.混合；掺和
848,reconstitute,v.再组成；用水泡
849,faze,v.使…狼狈，折磨
850,sanguine,a.乐观的
851,mediocre,a.平庸的，平凡的
852,apropos,"a./adv.适宜的,恰好的；prep.有关"
853,emboss,v.加浮雕花纹于，使凸出
854,immune,a.免疫的；免除的
855,contumacious,a.违抗的，不服从的
856,civility,n.彬彬有礼，斯文
857,servile,a.奴性的，百依百顺的
858,laconic,a.简洁的
859,affirm,v.确认；肯定
860,repugnant,a.令人厌恶的
861,peripatetic,a.巡游的
862,effete,a.无生产力；虚弱的
863,garrulous,a.唠叨的，多话的
864,spartan,a.简朴的；刻苦的
865,amiable,a.和蔼的，亲切的
866,bane,n.祸根
867,vestige,n.痕迹，遗迹
868,maven,n.专家，内行
869,canon,n.经典，真作
870,discern,v.(费劲)识别，看出
871,primp,v.(妇女)刻意打扮
872,untoward,a.不幸的，(坏事)没料到的
873,haven,n.安息所，避难所
874,subliminal,a.潜意识的
875,inception,n.开端，开始；取得学位
876,hymn,n.赞美诗
877,replete,a.饱满的，塞满的
878,variance,n.矛盾；不同
879,minuscule,a.极小的
880,inert,a.惰性的；行动迟钝的
881,malign,v.诽谤，中伤；a.邪恶的
882,gloomy,a.阴暗的；没有希望的；阴郁的
883,contort,v.(使)扭曲(deform)；曲解
884,obliging,a.恳切的，热心助人的
885,didactic,a.教诲的；说教的
886,insurgent,a.叛乱的，起事的；n.叛乱分子
887,stunt,v.阻碍(成长)；n.特技，绝技
888,affluent,a.富裕的，丰富的
889,serried,a.密集的
890,dappled,a.有斑点的，斑驳的
891,depravity,n.堕落，恶习
892,husband,v.妥善而又节约地管理；做…的丈夫
893,fast,n.绝食，斋戒；adv.很快地，紧紧地
894,saturate,v.浸透；使充满
895,rife,a.流行的，普遍的
896,justify,v.证明…是正当的
897,stench,n.臭气，恶臭(stink)
898,arcane,a.神秘的，秘密的
899,measly,a.患麻疹的；小得可怜的
900,wobble,v.动摇；犹豫
901,warmonger,n.好战者，战争贩子
902,indolent,a.懒惰的
903,fallow,n.休耕地；a.(土地)休耕的
904,shrug,v.耸肩(表示怀疑等)
905,fumble,v.摸索，笨拙搜寻；弄乱，搞糟
906,stiff,a.僵直的，呆板的，严厉的
907,supplement,v./n.增补，补充
908,dilatory,a.慢吞吞的，磨蹭的
909,aloof,a.冷淡的，疏远的
910,flinch,v.畏缩，退缩
911,prosecution,n.起诉；实行，经营
912,smarmy,a.虚情假意的
913,evanescent,a.迅速消失的，短暂的
914,industrious,a.勤劳的，勤勉的
915,parry,v.挡开，避开(武器，问题等)
916,forbearance,n.自制，忍耐
917,gratify,v.使高兴，使满足
918,travesty,v./n.歪曲模仿，曲解
919,splice,v.接合，衔接
920,obligatory,a.强制性的，义务的
921,pittance,n.微薄的薪俸，少量的收入
922,exemplary,a.可作楷模的
923,lethargic,a.昏睡的
924,temporal,a.时间的；世俗的
925,shoal,n.浅滩，浅水处；一群(鱼等)；a.水浅的
926,verisimilar,a.好像真实的；可能的
927,suffuse,v.(色彩等)弥漫，染遍
928,captivate,v.迷惑，吸引
929,rend,v.撕裂；猛拉
930,visionary,a.有远见的；幻想的；n.空想家
931,gall,n.胆汁；怨恨
932,vindictive,a.报复性的
933,hasty,a.急急忙忙的
934,inconsequential,a.不重要的，微不足道的
935,retract,v.缩回，收回
936,stingy,a.吝啬的，小气的
937,brisk,a.敏捷轻快的，活泼的
938,dissolute,a.放荡的，无节制的
939,imperative,a.急需的
940,notch,n.V字形刻痕
941,ingratiating,a.讨好的，谄媚的
942,fallible,a.会犯错的，易犯错的
943,repose,n./v.躺着休息，安睡
944,foster,v.培养，鼓励；领养
945,abet,v.教唆，鼓励
946,sap,n.树液；活力；v.消弱，耗尽
947,vex,v./n.恼火
948,jocular,a.滑稽的，诙谐的；嬉戏的
949,amorphous,a.无定形的
950,figment,n.虚构的东西
951,contaminate,v.污染
952,dissemble,v.隐藏，掩饰(感受、意图)
953,chary,a.小心的，审慎的
954,hack,v.乱劈，乱砍；n.雇佣文人
955,avarice,n.贪财，贪婪
956,absolve,v.赦免，免除
957,pastiche,n.混合拼凑的作品
958,remorse,n.懊悔，悔恨
959,pontificate,v.自大武断地做或说
960,inimical,a.敌意的，不友善的
961,dawdle,v.闲荡，虚度
962,hamper,v.妨碍，阻挠；n.有盖提篮
963,incubate,v.孵化
964,vigorous,a.精力旺盛的，健壮的
965,virtuoso,n.演艺精湛的人
966,pacify,v.使安静，抚慰
967,dour,a.严厉的，脸色阴沉的
968,ratiocination,n.推理；推论
969,sunder,v.分裂，分离
970,static,a.静态的，呆板的
971,mirth,n.欢乐，欢笑
972,grandstand,n.大看台；v.哗众取宠
973,profane,v.亵渎，玷污
974,stigma,n.耻辱的标志，污点
975,vacillate,v.游移不定，踌躇
976,resourceful,a.机智的
977,dismantle,v.拆除
978,encomium,n.赞颂，颂辞
979,nadir,n.最低点
980,lustrous,a.有光泽的
981,drawl,v./n.慢吞吞地说话（态度）
982,drab,a.枯黄色的；无聊的
983,descend,v.下来，下降
984,astute,a.机敏的，精明的
985,chaff,v. 开玩笑
986,defuse,v.从(爆破装置)中卸除引信；缓和紧张状态或危急局面
987,coax,v.哄诱，巧言诱哄
988,figurative,a.比喻的，借喻的
989,rapport,n.和睦，意见一致
990,inept,a.无能的；不适当的
991,falsehood,n.谎言
992,coagulate,v.使凝结
993,debris,n.废墟，残骸
994,symbiosis,n.共生(关系)
995,gist,n.要点，要旨
996,solder,v.焊接，焊合
997,rapprochement,n.和好，和睦
998,venom,n.毒液；恶毒，痛恨
999,affinity,n.密切关系；吸引力
1000,adumbrate,v.(对将来事件)预示
1001,ruse,n.骗术，诡计
1002,acquiesce,v.勉强同意，默许
1003,exodus,n.大批离去，成群外出
1004,blur,n.模糊；v.使…模糊
1005,methodical,a.细心的，有条不紊的
1006,pedagogue,n.教师，教育者
1007,callous,a.冷酷无情的，麻木的；结硬块的
1008,incommensurate,a.不成比例的，不相称的
1009,discreet,a.言行谨慎的
1010,convoke,v.召集
1011,intimidate,v.恐吓；胁迫
1012,rancor,n.深仇，怨恨
1013,penitent,a.后悔的，忏悔的
1014,vapid,a.索然无味的
1015,incorrigible,a.积习难改的，不可救药的
1016,disseminate,v.散布，传播
1017,mongrel,n.杂种动物；混血儿
1018,potentiate,v.加强(力量，效果)
1019,exalt,v.(高度)赞扬，歌颂
1020,emollient,n.润肤剂
1021,bootless,a.无益的，无用的
1022,efficacious,a.有效的
1023,gaffe,n.(社交上令人不快的)失言，失态
1024,crestfallen,a.挫败的，失望的
1025,exponent,n.说明者，支持者；指数
1026,placid,a.安静的，平和的
1027,acquisitive,a.渴望得到的，贪婪的
1028,malcontent,a.不满的；n.不满分子，反抗者
1029,outmaneuver,v.以策略制胜
1030,creep,v.匍匐前进；悄悄地移动
1031,glide,v.滑行，滑动
1032,clout,n.用手击打；权力，影响力
1033,connoisseur,n.鉴赏家，行家
1034,elicit,v.引出，探出
1035,maudlin,a.感情脆弱的，爱哭的
1036,animus,n.敌意，憎恨
1037,scowl,n.怒容；v.生气地皱眉，怒视
1038,affix,v.粘上，贴上；在合同上添写某事物；n.词缀
1039,imitation,n.赝品；效法，冒充
1040,salient,a.显著的，突出的
1041,inculpate,v.连累；控告；归咎于
1042,husky,a.声音沙哑的
1043,platitude,n.陈词滥调
1044,mercenary,a.惟利是图的；n.雇佣兵
1045,tirade,n.长篇的攻击性讲话
1046,ration,n.定量配给；v.配给
1047,delicacy,n.细嫩；精致，优雅
1048,ignite,v.发光；点燃，燃烧
1049,premium,n.保险费；奖金
1050,obscure,a.难理解的；不清楚的；v.隐藏；使…模糊
1051,stolid,a.无动于衷的
1052,pliable,a.易弯的，柔软的
1053,quash,v.镇压；取消
1054,august,a.威严的，高贵的
1055,impervious,a.不能渗透的；不为所动的
1056,debut,n.初次登台，初次露面
1057,effrontery,n.厚颜无耻
1058,obdurate,a.固执的，顽固的
1059,iniquity,n.邪恶，不公正
1060,antic,a.古怪的
1061,disinterested,a.公正的，客观的
1062,limber,a.易弯曲的；敏捷的
1063,squat,v.蹲下；a.矮胖的
1064,pinpoint,v.精确地找出或描述；a.非常精确的
1065,belabor,v.过分冗长地做或说；痛打
1066,prostrate,a.俯卧的；沮丧的；v.使下跪鞠躬
1067,nip,v.小口啜饮
1068,refulgent,a.辉煌的，灿烂的
1069,deprecate,v.反对，轻视
1070,complacency,n.自满，满足
1071,querulous,a.抱怨的，多牢骚的
1072,forage,n.饲料 粮草；v.搜寻，翻寻
1073,commotion,n.骚动，动乱
1074,constrain,v.束缚；强迫
1075,appall,v.使惊骇，使恐怖
1076,buoyant,a.有浮力的；轻快的
1077,escalate,v.(战争等)升级；扩大，上升
1078,grit,n.沙粒；决心，勇气；v.下定决心，咬紧牙关
1079,acrimonious,a.尖刻的
1080,crux,n.关键，症结所在
1081,upbraid,v.斥责，责骂
1082,forte,n.长处，擅长；a.(音乐)强音的
1083,amicable,a.友好的
1084,fervid,a.炽热的，热情的
1085,coy,a.腼腆的，忸怩的
1086,atrocious,a.残忍的，凶恶的
1087,evince,v.表明，表示
1088,renege,v.背信，违约
1089,rehabilitate,v.修复，恢复(职业等)
1090,preposterous,a.荒谬的
1091,bromide,n.庸俗的人，陈词滥调
1092,proselytize,v.使…皈依
1093,synthesis,n.综合，合成
1094,intimate,a.亲密的；n.密友；v.暗示
1095,juggernaut,n.摧毁一切的强大力量
1096,gloat,v.幸灾乐祸地看，窃喜
1097,lithe,a.柔软的，易弯曲的；敏捷的，轻快的
1098,stalwart,a.健壮的，坚定的
1099,tamper,v.损害，窜改
1100,probity,n.刚直，正直
1101,salutation,n.招呼，致意，敬礼
1102,runic,a.北欧古代文字的；神秘的
1103,quotidian,a.每日的；平凡的
1104,oblivious,a.遗忘的，疏忽的
1105,cultivate,v.种植；向…讨好
1106,speculate,v.沉思，思索；投机
1107,riot,v.参加暴动
1108,ravenous,a.饿极了的，贪婪的
1109,torpor,n.死气沉沉
1110,candor,n.坦白，率直
1111,detain,v.拘留；使延迟
1112,heinous,a.十恶不赦的
1113,assent,v.同意，赞成
1114,averse,a.不愿的，反对的
1115,carouse,n.畅饮，欢宴
1116,subvert,v.颠覆，推翻
1117,bravado,n.故作勇敢，虚张声势
1118,seamy,a.肮脏的，恶劣的
1119,trespass,v.侵犯，闯入私人领地
1120,impassive,a.无动于衷的，冷漠的
1121,pungent,a.味道刺激的；苛刻的
1122,premeditate,v.预先想过，预谋
1123,exude,v.使慢慢流出；四溢
1124,sere,a.干枯的，凋萎的
1125,aggravate,v.加重，恶化
1126,imprecise,a.不精确的，不严密的
1127,sodden,a.浸透了的
1128,surfeit,n.(食物)过量，过度；v.使过量
1129,parch,v.烘烤；烤焦
1130,combustible,a.易燃的；易激动的
1131,slant,v.倾斜；n.斜面；看法
1132,detour,n.弯路；绕行之路
1133,licentious,a.纵欲的；放肆的
1134,slake,v.解渴，消渴
1135,condone,v.宽恕
1136,panache,n.羽饰；炫耀
1137,steadfast,a.忠实的；不变的
1138,placate,v.抚慰，平息(愤怒)
1139,tackle,v.处理；n.滑车
1140,shun,v.避免，闪避
1141,tinker,n.补锅工人；v.拙劣修补
1142,thwart,v.阻挠，使…受挫
1143,clamor,v./n.喧闹 喧哗
1144,asylum,n.避难所，庇护所
1145,idle,a.(指人)无所事事的；无效的；v.懒散，无所事事
1146,jargon,n.暗语；行话
1147,falter,v.摇晃，蹒跚；支吾地说
1148,pluck,n.在困难面前的勇气；v.弹拉
1149,itinerant,a.巡回的，流动的
1150,loutish,a.粗鲁的
1151,stealth,n.秘密的行动
1152,shroud,n.寿衣；遮蔽物；v.覆盖
1153,reprieve,v.缓刑，暂时解救；n.缓刑，暂时解救
1154,unexceptionable,a.无可非议的
1155,disgorge,v.呕出；(水)流走
1156,piquant,a.辛辣的，开胃的；兴奋的
1157,erudite,a.博学的，饱学的
1158,cast,n.演员阵容；v.投掷 扔；铸造
1159,verdant,a.青葱的，翠绿的
1160,subdue,v.征服；压制；减轻
1161,futile,a.无效的，无用的;（人）没出息的；琐细的
1162,trite,a.陈腐的，陈词滥调的
1163,petition,n.请愿；请愿书
1164,excoriate,v.撕去皮；严厉批评
1165,doldrums,n.赤道无风带；情绪低落
1166,accommodate,v.提供住宿；适应新环境；使和谐
1167,windy,a.有风的；长篇累牍的
1168,affectation,n.做作，装模作样
1169,malevolent,a.有恶意的，恶毒的
1170,misgiving,n.担心，疑虑
1171,rile,v.使…恼火，激怒
1172,indurate,v.使坚硬；使习惯于
1173,patent,a.显而易见的；n.专利权(证书)
1174,fawn,n.未满周岁的小鹿；v.巴结，奉承
1175,arid,a.干旱的；枯燥的
1176,preternatural,a.异常的)；超自然的
1177,disdain,n./v.轻视，鄙视
1178,waddle,v.(鸭子等)摇摇摆摆地走
1179,deadlock,n.相持不下，僵局
1180,vivacious,a.活泼的，快活的
1181,stifle,v.感到窒息；抑止
1182,boggle,v.犹豫，畏缩不前；使退缩
1183,bifurcate,v.分为两支，分叉
1184,browbeat,v.欺侮，恫吓
1185,dwindle,v.变小
1186,tyrant,n.暴君
1187,divert,v.使某事物转向；使娱乐
1188,denude,v.脱去；剥蚀；剥夺
1189,inclement,a.(天气)严酷的；严厉的
1190,advocate,v.拥护，支持，鼓吹；n.支持者，拥护者
1191,magnitude,n.重要；星球的光亮度
1192,porous,a.可渗透的；多孔的
1193,acclaim,v.欢呼，称赞
1194,prerogative,n.特权
1195,debacle,n.解冻；崩溃
1196,inanimate,a.无生命的
1197,wax,n.蜡；v.给…打蜡；盈，增大
1198,mournful,a.悲伤的
1199,endemic,a.地方性的
1200,septic,a.受感染的，腐败的
1201,clot,n.凝块；v.使凝结成块
1202,indoctrinate,v.教导；灌输思想
1203,unpretentious,a.不炫耀的
1204,fallacious,a.欺骗的；谬误的
1205,audacious,a.大胆的；愚勇的
1206,enamored,a.珍爱的，喜爱的
1207,quail,v.畏惧，颤抖
1208,stickler,n.坚持细节之人
1209,caprice,n.化无常，任性
1210,revere,v.尊敬
1211,jaundice,n.偏见
1212,demagogue,n.蛊惑民心的政客
1213,recessive,a.隐性遗传的；后退的
1214,simpleton,n.笨蛋
1215,idyll,n.田园生活；田园诗
1216,exigent,a.需要立即采取行动的
1217,aver,v.极力声明；断言；确证
1218,barren,a.不育的；贫瘠的；不结果实的
1219,cherubic,a.(尤指孩子)天真无邪的
1220,lackluster,a.无光泽的；呆滞的
1221,replenish,v.补充，再装满
1222,prune,n.梅干；v.修剪
1223,gear,n.齿轮；装备；仪器
1224,incogitant,a.无思想的，考虑不周的
1225,glut,v./n.过多；供过于求
1226,redundant,a.累赘的，多余的
1227,rapacious,a.强夺的，贪婪的
1228,attenuate,v.变薄
1229,bruit,v.散布 传播(谣言)
1230,scotch,v.镇压，粉碎
1231,prude,n.过分守礼的人
1232,shipshape,a.整洁的，井然有序的
1233,discretion,n.谨慎，审慎
1234,interdict,v.禁止；切断(补给线)
1235,instill,v.滴注；逐渐灌输
1236,heretical,a.异端邪说的
1237,prognosis,n.预言 (of a disease or an illness)
1238,condemn,v.谴责；判刑
1239,exacting,a.苛求的；要求严格的
1240,corrosive,a.腐蚀性的，腐蚀的，蚀坏的
1241,moratorium,n.停止偿付；禁止活动
1242,strident,a.尖声的，刺耳的
1243,domicile,n.住处，住所
1244,hardy,a.耐寒的；强壮的
1245,atrophy,n.萎缩，衰退
1246,downplay,v.贬低，不予重视
1247,volatile,a.反复无常的；挥发性的
1248,jaded,a.疲惫的；厌倦的；(胶卷)暴光过分的
1249,subject,n.受支配的人，隶属
1250,apostasy,n.叛教，脱党
1251,bridle,n./v.缰绳，控制
1252,jettison,v.(船)向外抛弃东西；n.抛弃的货物
1253,kudos,n.荣誉
1254,veneer,n.(镶于劣质东西上的)镶面板；外表
1255,blight,n.枯萎；v.使枯萎
1256,portentous,a.凶兆的，有危险的
1257,complacent,a.自满的，得意的
1258,meek,a.温顺的，顺服的
1259,alacrity,n.乐意，欣然；轻快
1260,blunder,v／n.犯大错；笨拙地做
1261,boycott,v.联合抵制(贸易)
1262,periodical,n.期刊
1263,onerous,a.繁重的，麻烦的
1264,vindicate,v.为…平反；证明…正确
1265,manifest,a.显然的
1266,burgeon,v.萌芽，迅速增长
1267,subsidiary,a.辅助的；次要的
1268,retouch,v.修描；润色
1269,genial,a.愉快的，脾气好的
1270,hyperbole,n.夸张法；a.夸张的
1271,bristle,n.刚毛；v.(毛)竖起；发怒
1272,ponderable,a.可估量的
1273,palliate,v.减轻(痛苦)；掩饰(罪行)
1274,sterile,a.贫瘠且无植被的；不孕的；无细菌的
1275,proficient,a.熟练的，精通的
1276,disparage,v.贬抑，轻蔑
1277,lag,v.落后，滞留
1278,repertoire,n.(剧团等)常备剧目
1279,dally,v.闲荡，嬉戏
1280,extol,v.赞美
1281,lopsided,a.倾向一方的，不平衡的
1282,lapse,n.失误；(时间等)流逝
1283,veracious,a.诚实的，说真话的
1284,rabid,a.患狂犬病的；失去理性的
1285,medley,n.混合歌曲；混杂；各种各样的集团
1286,faction,n.派系；派系斗争
1287,pandemic,a.(病)大范围流行的
1288,euphemism,n.婉言，委婉的说法
1289,reiterate,v.重申，反复地说
1290,pique,n./v.(因自尊心受伤害而导致的)不悦，愤怒；v.冒犯
1291,ancillary,a.辅助的；n.助手
1292,abstain,v.放弃，戒掉
1293,ironclad,a.装铁甲的；坚固的
1294,indelible,a.擦拭不掉的，不可磨灭的
1295,posit,v.断定，认为
1296,voluminous,a.长篇的；多产的
1297,certitude,n.确定无疑
1298,equivocate,v.模棱两可地说，支吾其词，说谎
1299,subtle,a.微妙的，精巧的
1300,quiescent,a.不动的，静止的
1301,tantamount,a.与…相等的
1302,concede,v.承认(为正确)；让步
1303,devious,a.不正直的；弯曲的
1304,sumptuous,a.豪华的，奢侈的
1305,founder,v.(船)沉没；(计划)失败
1306,redoubtable,a.可敬畏的
1307,accentuate,v.重读；强调
1308,supine,a.仰卧的；懒散的
1309,abrade,v.磨损，磨小
1310,divulge,v.泄露，透露
1311,buoy,n.浮标，救生圈；v.支持，鼓励
1312,demur,v.表示异议，反对
1313,smug,a.自满的，自命不凡的
1314,procrastinate,v.耽搁，拖延
1315,pry,v.刺探；撬开
1316,contagious,a.传染的，有感染力的
1317,mendacious,a.不真的；撒谎的
1318,wary,a.谨慎的，小心翼翼的
1319,garish,a.俗丽的，过于艳丽的
1320,unimpeachable,a.无可指摘的，无可置疑的
1321,stodgy,a.乏味的
1322,avant-garde,n.(艺术)先锋派
1323,assail,v.抨击；猛攻
1324,glaze,v.装玻璃于；上釉彩；n.釉
1325,heresy,n.异端邪说
1326,dilute,v.把(液体)弄稀，弄淡
1327,hedge,n.树篱；限制
1328,excursive,a.离题的，随意的
1329,eschew,v.避开，戒绝
1330,dolt,n.傻瓜
1331,therapeutic,a.治病的
1332,recuperate,v.恢复(健康)，复原
1333,jejune,a.空洞的；不成熟的
1334,deportation,n.驱逐出境
1335,malaise,n.不适，不舒服
1336,minatory,a.威胁的，恫吓的
1337,trenchant,a.一针见血的
1338,chimera,n.神话怪物；幻想，空想
1339,intermittent,a.断断续续的，间歇的
1340,mumble,v.咕哝，含糊不清地说
1341,hilarious,a.充满欢乐的；引起大笑的
1342,conservatory,n.温室；音乐学院
1343,prodigal,a.挥霍的；n.挥霍者
1344,importune,v.强求，不断请求
1345,hew,v.砍伐；遵守
1346,draconian,a.严厉的，严酷的
1347,opportune,a.合适的，适当的
1348,alienate,v.疏远，离间某人
1349,solitude,n.孤独
1350,extinct,a.绝种的，不存在的
1351,retard,v.妨碍；减速
1352,serene,a.清澈的，晴朗的，安静的
1353,unctuous,a.油质的；油腔滑调的
1354,fastidious,a.难取悦的，挑剔的
1355,slumber,v.睡眠，安睡；n.安睡
1356,panegyric,n.颂词，颂扬
1357,autocracy,n.独裁政府
1358,lampoon,n.讽刺文章；v.讽刺
1359,stygian,a.阴暗的，阴森森的
1360,tangy,a.强烈的，扑鼻的
1361,reflect,v.反射；仔细考虑
1362,scurvy,a.卑鄙的，可鄙的
1363,exorcise,v.驱魔；去除(坏念头等)
1364,asunder,"a./adv.分离的,碎片的"
1365,profligate,a.挥金如土的；n.挥霍者
1366,persiflage,n.挖苦，嘲弄
1367,sophism,n.诡辩；诡辩法(术)
1368,jarring,a.声音刺耳的
1369,galvanize,v.电镀；通电；激励
1370,dictate,v.口述；命令
1371,breach,n.裂缝 缺口；v.打破 裂开；违背
1372,disregard,v./n.疏忽，漠视
1373,sloth,n.懒惰；树獭(一种动物)
1374,enunciate,v.发音；(清楚地)表达
1375,dandy,n.花花公子，好打扮的人
1376,quota,n.定额，配额
1377,protocol,n.外交礼节；协议，草案
1378,contrite,a.悔罪的，痛悔的
1379,strand,n.绳线的一股；v.搁浅
1380,conviction,n.判罪；坚信
1381,enact,v.制定(法律)；扮演(角色)
1382,consummate,a.完善的，圆满的
1383,content,a.心满意足的；n.内容；满意
1384,libertine,n.性行为放纵者，浪荡的人
1385,pithy,a.(讲话或文章)简练的
1386,desiccate,v.(使)完全干涸，脱水
1387,circumlocution,n.迂回累赘的陈述
1388,frothy,a.起泡的；空洞的
1389,succumb,v.屈从；因…死亡
1390,prowl,v.潜行于，偷偷地漫游
1391,exquisite,a.精致的；近乎完美的
1392,virulent,a.剧毒的；恶毒的
1393,untold,a.无数的，数不清的
1394,adventitious,a.偶然的
1395,homage,n.效忠，崇敬
1396,stonewall,v.拖延议事，设置障碍
1397,attest,(to)v.证明
1398,provincial,a.偏狭的，粗俗的
1399,sedentary,a.久坐的
1400,daunt,v.使胆怯，使畏缩
1401,jovial,a.愉快的
1402,gauge,n.标准规格；测量仪；v.测量
1403,caveat,n.警告，告诫
1404,abominate,v.痛恨；厌恶 abhor
1405,badinage,n.开玩笑，打趣
1406,adulterate,v.掺假
1407,malleable,a.可塑的，易改变的
1408,voluptuous,a.撩人的；沉溺于酒色的
1409,sordid,a.卑鄙的；肮脏的
1410,protract,v.延长，拖长
1411,incriminate,v.连累，牵连
1412,intrigue,v.密谋；引起…极大兴趣
1413,wit,n.智力，机智
1414,rectitude,n.诚实，正直
1415,scuff,v.拖着脚走
1416,enervate,v.使虚弱，使无力
1417,acme,n.顶点，极点
1418,meteoric,a.流星的；昙花一现的
1419,phenomenal,a.显著的，非凡的
1420,frenzy,n.极度激动的状态，狂暴
1421,clement,a.仁慈的；温和的
1422,labyrinth,n.迷宫
1423,broach,v.开启 开瓶；提出(讨论)
1424,camouflage,n./v.伪装 掩饰
1425,counterpart,n.相对应或具有相同功能的人或物
1426,odium,n.憎恶，反感
1427,entail,v.需要，需求，必须
1428,fracas,n.喧嚷，吵闹
1429,engross,v.全神贯注于
1430,inexorable,a.不为所动的；坚决不变的
1431,crutch,n.拐杖；v.支撑
1432,stringent,a.(规定)严格的，苛刻的；缺钱的
1433,rail,n.栏杆；铁轨；v.咒骂，猛烈指责
1434,impecunious,a.不名一文的，贫困的
1435,coop,n.(鸡)笼，栏
1436,prate,v.瞎扯，胡说
1437,treacherous,a.背叛的，叛逆的，奸诈的
1438,diurnal,a.白昼的，白天的
1439,oblique,a.间接的；斜的
1440,ludicrous,a.荒唐可笑的
1441,precocious,a.早熟的
1442,assertive,a.过分自信的；有进取心的
1443,victimize,v.使受害，迫害
1444,scrap,n.小片，碎屑；v.废弃
1445,typo,n.排印错误
1446,painstaking,a.煞费苦心的
1447,confine,v.限制，禁闭
1448,gaudy,a.俗丽的
1449,autonomy,n.自治，独立
1450,plateau,n.高原；平稳的状态
1451,weather,v.经受住，平安度过危难
1452,ominous,a.预兆的，不祥的
1453,categorical,a.绝对的；分类的
1454,overture,n.前奏曲，序曲
1455,nibble,v.一点点地咬，慢慢啃
1456,ennui,n.倦怠，无聊；v.使无聊
1457,coltish,a.轻佻的；不受拘束的，放荡不羁的
1458,uncanny,a.神秘的，不可思议的
1459,tilt,v.(使)倾斜；n.倾斜，斜坡
1460,mordant,a.讥讽的，尖酸的
1461,distend,v.(使)膨胀，胀大
1462,quarantine,n.隔离检疫期，隔离
1463,bombast,n.高调，夸大的言辞
1464,execrate,v.憎恶；咒骂
1465,luminary,n.杰出人物，名人
1466,dearth,n.缺乏，短缺
1467,lurk,v.潜伏，埋伏
1468,mash,v.捣成糊状
1469,stitch,n.(缝纫时的)一针，一钩；v.缝合
1470,full-bodied,a.(味道等)浓郁而强烈的
1471,incumbent,n.在职者，现任者；a.义不容辞的
1472,terminus,n.(火车，汽车)终点站
1473,daft,a.傻的
1474,slew,v.(使)旋转；n.大量
1475,lance,n.长矛；v.刺破
1476,mean,a.卑贱的，吝啬的
1477,delegate,n.代表；v.委派…为代表，授权
1478,contend,v.争论，竞争
1479,list,v./n.倾斜
1480,committed,a.(对事业，本职工作等)尽忠的
1481,scrutinize,v.详细检查；细读
1482,suture,n.(伤口的)缝线；v.缝合
1483,crass,a.愚钝的，粗糙的
1484,fatigue,n.疲乏，劳累
1485,bliss,n.狂喜；天赐的福
1486,vanquish,v.征服
1487,nefarious,a.违法的，邪恶的
1488,racy,a.活泼的，生动的
1489,ambivalent,a.(对人或物)有矛盾看法的
1490,behoove,v.理应，有必要
1491,dent,n.缺口，凹痕；v.弄凹
1492,cower,v.畏缩，蜷缩
1493,ponderous,a.笨重的，笨拙的
1494,recalcitrant,a.顽抗的
1495,insular,a.岛屿的；心胸狭窄的
1496,pillory,n.颈手枷；示众，嘲弄
1497,mire,n.泥沼；困境；v.使…陷入困境
1498,consequence,n.结果；重要性；价值
1499,dissent,v.不同意，持异议
1500,nicety,n.准确，精确
1501,immaculate,a.洁净的，无瑕的
1502,nurture,v.抚育，教养；n.养育，营养物
1503,leer,v.斜眼看，送秋波
1504,deleterious,a.(对身心)有害的，有毒的
1505,tiff,n.吵嘴，呕气
1506,confront,v.对抗；面临
1507,irrigate,v.灌溉
1508,tame,a.驯服的；沉闷的
1509,substantiate,v.证实，确证
1510,furtive,a. 偷偷的，秘密的
1511,abysmal,a.极深的；糟透的
1512,apparition,n.幽灵，神奇的现象
1513,overlap,v.(部分地)重叠
1514,fraught,a.充满…的
1515,whimsical,a.古怪的，异想天开的
1516,chide,v.斥责，指责
1517,tantalize,v.挑惹，挑逗
1518,tactile,a.有触觉的
1519,interlock,v.连锁，连串
1520,hive,n.蜂房；忙碌之地
1521,repute,n.名声，名誉
1522,understate,v.掩饰地说，轻描淡写地说
1523,offhand,adv./a.事先无准备地(的)；随便地(的)
1524,incentive,n.刺激，鼓励；刺激因素
1525,abdicate,v.退位，辞职，放弃
1526,insubordinate,a.不服从的，反抗的
1527,spurious,a.假的；伪造的
1528,connive,v.共谋；默许 纵容
1529,yoke,n.牛轭；v.控制，束缚
1530,abeyance,n.中止，搁置
1531,hackneyed,a.陈腐的，平常的
1532,grandiose,a.宏伟的；夸大的
1533,prevaricate,v.支吾其词，说谎
1534,windbag,n.饶舌之人
1535,stentorian,a.(指声音)极响亮的
1536,arrhythmic,a.无节奏的；不规则的
1537,solvent,a.有偿债能力的；n.溶剂
1538,estimable,a.值得尊敬的；可估计的
1539,spontaneous,a.自发的；自然的
1540,exterminate,v.消灭，灭绝
1541,limpid,a.清澈的；透明的
1542,anathema,n.被诅咒的人；宗教意义的诅咒
1543,clarion,a.清澈响亮的；n.尖音小号声
1544,reciprocate,v.回报，答谢
1545,potentate,n.统治者，当权者
1546,cogent,a.有说服力的
1547,resplendent,a.华丽的，辉煌的
1548,hearten,v.鼓励，激励
1549,palmy,a.繁荣的；棕榈的
1550,inkling,n.暗示，迹象；略知，模糊概念
1551,decadence,n.衰落，颓废
1552,magnificent,a.壮丽的，宏伟的；高尚的
1553,conflagration,n.森林大火；突发，冲突
1554,calamity,n.大灾祸，不幸之事
1555,coma,n.昏迷状态
1556,pragmatic,a.实际的，实用主义的
1557,momentous,a.极重要的，严重的
1558,arable,a.可耕的，适合种植的
1559,paradigm,n.范例，示范
1560,mischievous,a.淘气的；有害处的
1561,humor,v.纵容，迁就
1562,pertinacious,a.固执的；无法驾御的；不妥协的
1563,miff,n.小争吵
1564,agog,a.兴奋的，有强烈兴趣的
1565,resent,v.憎恶，愤恨
1566,stratagem,n.谋略，策略
1567,maelstrom,n.大漩涡；大混乱
1568,glitch,n.小故障
1569,ridicule,n.奚落；v.嘲笑
1570,captious,a.吹毛求疵的
1571,finicky,a.苛求的，过分讲究的
1572,clasp,n.钩子，扣子；紧握
1573,embroider,v.刺绣，修饰
1574,wicked,a.极坏的；淘气的
1575,taper,n.细蜡烛；v.(长形物体的)逐渐变细
1576,countermand,v.撤回(命令)，取消(订货)
1577,pompous,a.自大的
1578,obstreperous,a.吵闹的，难管束的
1579,transgress,v.冒犯，违背
1580,insentient,a.无知觉的，无生命的
1581,sedulous,a.聚精会神的，勤勉的
1582,penury,n.贫穷；吝啬
1583,synergic,a.协同作用的
1584,bluster,v.(指风)猛刮
1585,compendium,n.简要，概略
1586,refractory,a.倔强的；反应迟钝的
1587,disgruntle,v.使不满意
1588,prohibitive,a.抑制的；价格贵得买不起的
1589,delirium,n.精神错乱
1590,oscillate,v.摆动；犹豫
1591,nocturnal,a.夜晚的，夜间发生的
1592,morbid,a.病态的，不正常的
1593,disinter,v.挖出，挖掘
1594,debilitate,v.使衰弱
1595,improvise,v.即席而作
1596,allude,v.间接提到，暗指
1597,truncate,v.把(某物)截短，去尾
1598,tantrum,n.发脾气，发怒
1599,circumvent,v.绕行，用计谋战胜或规避
1600,apprehensive,a.害怕的，忧虑的；有眼力的，知晓的
1601,offbeat,a.不规则的，不平常的
1602,hubris,n.过分自傲，目中无人
1603,stricture,n.严厉谴责；束缚
1604,marvel,v.对…感到惊异；n.奇迹
1605,excavate,v.挖掘；挖出
1606,squander,v.浪费，挥霍
1607,corrugated,a.起皱纹的
1608,surreptitious,a.鬼鬼祟祟的
1609,faultfinder,n.喜欢挑剔的人
1610,deft,a.灵巧的，熟练的
1611,infirm,a.虚弱的
1612,aggregate,v.集合；合计
1613,accessory,a.附属的，次要的
1614,appreciable,a.明显的
1615,crescendo,n.(音乐)渐强，高潮
1616,entice,v.怂恿，引诱
1617,slouch,n.没精打采的样子；v.没精打采地坐(站、走)
1618,quandary,n.困惑，进退两难
1619,obedient,a.服从的，顺从的
1620,meretricious,a.华而不实的，俗艳的
1621,salve,n.药膏；v.减轻，缓和
1622,unkempt,a.(衣服、头发)不整洁的
1623,excrete,v.排泄，分泌
1624,flout,v.蔑视，违抗
1625,singe,v.(轻微地)烧焦，烫焦
1626,bungle,v.粗制滥造
1627,foible,n.小缺点，小毛病
1628,stipulate,v.要求以…为条件；约定
1629,haphazard,a.任意的
1630,obsolete,a.废弃的；过时的
1631,defer,v.推延；听从
1632,foolproof,a.容易懂的，简易而不会误用的
1633,prudish,a.过分守礼的，假道学的
1634,deign,v.屈尊，惠允(做某事)
1635,propagate,v.繁殖；传播
1636,subside,v.(建筑物等)下陷
1637,shopworn,a.在商店中陈列旧了的
1638,edifice,n.宏伟的建筑(如宫殿、教堂)
1639,resuscitate,v.使复活，使苏醒
1640,synopsis,n.摘要，概要
1641,stale,a.不新鲜的，陈腐的
1642,intermediary,n.仲裁者；中间物；a.中间的，媒介的
1643,roil,v.煽动，搅浑
1644,wheedle,v.(用花言巧语)哄骗
1645,convulsion,n.骚动；痉挛
1646,recapitulate,v.扼要重述
1647,permeate,v.扩散；渗透
1648,antediluvian,a.史前的；陈旧的
1649,gibe,n./v.嘲弄，讥笑
1650,plague,n.瘟疫；讨厌的人或物；v.烦扰
1651,antipathy,n.反感，厌恶
1652,wistful,a.惆怅的，渴望的
1653,sloppy,a.邋遢的，不整洁的
1654,paroxysm,n.(感情等)突发
1655,bathetic,a.假作悲伤的；陈腐的
1656,cynic,n.犬儒主义者，愤世嫉俗者
1657,deplete,v.倒空；耗尽
1658,pulchritude,n.美丽
1659,pernicious,a.有害的，致命的
1660,cardinal,a.最主要的；鲜红色的
1661,feign,v.假装，伪装
1662,outwit,v.以机智胜过
1663,discrepancy,n.不同，矛盾
1664,deterioration,n.恶化，堕落
1665,potable,a.适于饮用的
1666,reprobate,v.谴责，指责；adj./n.堕落的(人)
1667,peruse,v.细读，精读
1668,cipher,n.零；无影响力的人；密码
1669,crook,v.使弯曲；n.钩状物
1670,ingenuous,a.纯朴的，单纯的
1671,nerve,n.勇气；v.给予力量或勇气
1672,extrapolate,v.预测，推测
1673,coeval,a.同年代的
1674,allegiance,n.忠诚，拥护
1675,curtail,v.削减，缩短
1676,congeal,v.凝结 凝固
1677,fracture,n.骨折；折断；裂口
1678,glacial,a.冰期的，冰河期的；寒冷的
1679,incontrovertible,a.无可辩驳的
1680,prodigious,a.巨大的
1681,bravura,n.华美乐段；a.华美的；显示技巧的
1682,trepidation,n.恐惧，惶恐
1683,cloying,a.甜得发腻的，腻烦的
1684,forsake,v.遗弃，放弃
1685,tenacious,a.坚韧不拔的
1686,phlegmatic,a.冷静的，冷淡的
1687,disconcert,v.使…尴尬
1688,obviate,v.排除(困难)
1689,burnish,v.擦亮，磨光
1690,puckish,a.淘气的
1691,vitriolic,a.刻薄的，强烈的
1692,mint,n.大量；巨额
1693,exhilarate,v.使高兴
1694,latitude,n.言行自由；纬度
1695,entangle,v.使纠缠，卷入
1696,aseptic,a.洁净的；无菌的
1697,flamboyant,a.艳丽的，炫耀的
1698,natty,a.整洁的；潇洒的
1699,dodge,v.闪开，躲避
1700,flourish,v.昌盛，兴旺；活跃而有影响
1701,emaciate,v.使…瘦弱；消瘦
1702,molt,v.换羽，脱毛；n.换羽(期)，脱毛(期)
1703,brandish,v.(挑衅地)挥舞
1704,pall,v.令人发腻，失去吸引力
1705,knack,n.特殊能力；窍门
1706,delve,v.深入探究，钻研
1707,retribution,n.报应，惩罚
1708,effervesce,v.冒泡；热情洋溢
1709,affliction,n.悲痛，受难的起因
1710,abhor,v.憎恶
1711,lavish,a.浪费的；丰富的
1712,cohesive,a.凝聚的
1713,wholesome,a.促进健康的
1714,stagnant,a.停滞的
1715,pertinent,a.有关的，相关的
1716,aloft,adv.在空中，在头顶上
1717,banish,v.放逐某人
1718,overwhelm,v.泛滥；压倒
1719,extinguish,v.使…熄灭；使…不复存在
1720,anterior,a.较早的，以前的
1721,lambaste,v.痛打；痛骂
1722,posture,n.姿势，体态；态度；v.故作姿态
1723,usurp,v.篡夺，霸占
1724,interminable,a.无尽头的
1725,ken,n.视野范围；知识范围
1726,nexus,n.(看法等的)联系，连结
1727,hypocritical,a.虚伪的
1728,insouciant,a.漫不经心的
1729,diehard,n.顽固分子
1730,toady,n.谄媚者，马屁精
1731,occult,a.秘密的，不公开的
1732,spectator,n.观众，观看者
1733,anesthetic,n.麻醉剂；a.麻醉的
1734,sanctimonious,a.假装神圣的
1735,venal,a.惟利是图的，贪赃枉法的
1736,egalitarian,a.主张人人平等的
1737,nebulous,a.模糊不清的；云状的
1738,pervade,v.弥漫，普及
1739,plethora,n.过量，过剩
1740,dispatch,v.派遣；一下子做完；吃完；n.迅速
1741,pine,n.松树；v.(因疾病等)憔悴；渴望
1742,impromptu,a.即席的，即兴的
1743,meander,v.蜿蜒而流；漫步
1744,despise,v.鄙视，藐视
1745,apoplectic,a.中风的；愤怒的
1746,riveting,a.非常精彩的
1747,encumber,v.妨害，阻碍
1748,inundate,v.淹没；泛滥
1749,consensus,n.意见一致
1750,needy,a.贫穷的
1751,distill,v.蒸馏
1752,duplicitous,a.搞两面派的，奸诈的
1753,proscribe,v.禁止
1754,quench,v.熄灭(火)；抑制(欲望)
1755,lissome,a.姿态优雅的，柔软的
1756,relinquish,v.放弃，废除
1757,plumb,adv.精确地；v.深入了解；测水深
1758,brazen,a.厚脸皮的
1759,impostor,n.冒充者，骗子
1760,lassitude,n.无力；没精打采
1761,exempt,a.被免除的；v.使免除
1762,congenial,a.意气相投的，合得来的
1763,signal,n.信号；v.发信号；a.显著的
1764,sanctify,v.使神圣
1765,prerequisite,n.先决条件
1766,discrete,a.个别的；不连续的
1767,cozen,"v.欺骗, 哄骗"
1768,sprightly,a.愉快的，活泼的
1769,equable,a.稳定的，不变的；(脾气)温和的
1770,bigot,n.偏执顽固者
1771,invigorate,v.鼓舞，激励
1772,rave,n.热切赞扬；v.狂语
1773,meticulous,a.细心的，一丝不苟的
1774,tonic,n.增进健康之物，补品；a.滋补的
1775,discredit,v.怀疑；n.丧失名誉
1776,debunk,v.揭穿真相，暴露
1777,verse,n.诗歌
1778,rabble,n.乌合之众；下等人
1779,veer,v.转向，改变(话题等)
1780,taciturn,a.沉默寡言的
1781,plight,n.困境，苦境
1782,voracious,a.狼吞虎咽的，贪婪的
1783,gripe,v.抱怨
1784,extant,a.现存的，传世的
1785,virtuous,a.有美德的；自命清高的
1786,mannered,a.做作的
1787,purlieu,n.(常作复数)邻近地区
1788,finesse,n.技巧；计谋；手段
1789,preoccupation,n.全神贯注；使人专注的东西
1790,timid,a.胆怯的
1791,lachrymose,a.好流泪的；引人落泪的
1792,canvass,v.细查；拉选票
1793,slipshod,a.马虎的，草率的
1794,pliant,a.易受影响的；易弯的
1795,impeccable,a.无瑕疵的
1796,salubrious,a.有益健康的
1797,sluggard,n.懒鬼
1798,dilettante,"n.业余爱好者,一知半解者"
1799,tyro,n.新手
1800,propriety,n.礼节；适当
1801,paraphrase,v.传译，释义
1802,deride,v.嘲弄，愚弄
1803,blandishment,n.奉承 谄媚
1804,precipitation,n.降水(量)
1805,sycophant,n.马屁精
1806,stymie,v.妨碍，阻挠
1807,meet,a.合适的
1808,apocryphal,a.假冒的，虚假的
1809,epitomize,v.概括，摘要
1810,dingy,a.肮脏的；褪色的
1811,arrogance,n.傲慢，自大
1812,facetious,a.轻浮的，好开玩笑的
1813,distraught,a.心神狂乱的
1814,asperity,n.严酷；粗鲁
1815,turgid,a.浮肿的，肿胀的；浮夸的
1816,brassy,a.厚脸皮的，无礼的
1817,convert,v.转变，转换
1818,partial,a.局部的；偏袒的
1819,maverick,n.想法与众不同的人
1820,tardy,a.缓慢的，迟缓的
1821,reactionary,a.保守的，反动的
1822,abject,"a.极可怜的,卑微低下的"
1823,inveigh,v.痛骂，抨击
1824,teeter,v.摇摆，踌躇
1825,circuitous,a.迂回的，绕圈子的
1826,entreat,v.恳求
1827,monochromatic,a.单色的
1828,conceal,v.隐藏，隐瞒
1829,jibe,v.与…一致，符合
1830,cavil,v.吹毛求疵
1831,welter,n.混乱，杂乱无章
1832,sinuous,a.蜿蜒的，迂回的
1833,amalgamate,v.合并；混合
1834,epilogue,n.收场白，尾声
1835,discord,n.不和，纷争
1836,slippery,a.滑的；狡猾的
1837,acclimate,v.使服水土; 使适应
1838,transfigure,v.美化，改观
1839,fictitious,a.假的；虚构的
1840,hodgepodge,n.混淆；杂菜
1841,aspersion,n.诽谤，中伤
1842,succor,v./n.救助，援助
1843,parity,n.(水平，地位，数量等的)同等，相等
1844,renegade,n.叛教者，叛徒
1845,legion,n.兵团；一大群
1846,awry,a.歪斜扭曲的，错误的
1847,exorbitant,a.过分的，过度的
1848,obstruct,v.阻塞，截断
1849,ingest,v.咽下，吞下
1850,lionize,v.崇拜，看重
1851,tightfisted,a.吝啬的
1852,secede,v.正式脱离或退出(组织)
1853,harness,n.马具；v.束以马具；利用
1854,tarnish,n./v.失去光泽，晦暗
1855,interregnum,n.无王时期
1856,expiate,v.赎罪，补偿
1857,resonant,a.(声音)洪亮的；共鸣的
1858,perambulate,v.巡视；漫步
1859,mollify,v.安慰，安抚
1860,deluge,n.大洪水；暴雨
1861,gregarious,a.群居的；爱社交的
1862,puny,a.弱小的，发育不良的
1863,plunge,v.投入；俯冲
1864,abnegate,v.否认，放弃
1865,gloss,n.光泽；注解
1866,reprehend,v.谴责，责难
1867,gobble,v.贪婪地吃，吞没
1868,collude,v.串通，共谋
1869,immanent,a.内在的；普遍存在的
1870,irritate,v.激怒；刺激
1871,grate,v.发出“吱嘎”声；磨碎；使人烦躁
1872,postulate,v.假定；要求
1873,diatribe,n.(口头或书面猛烈的)抨击
1874,abridge,v.删减；缩短
1875,languid,a.没精打采的，倦怠的
1876,spendthrift,adj./n.挥金如土的(人)
1877,callow,a.(鸟)羽翼未丰的；(人)未成熟的
1878,desecrate,v.玷辱，亵渎
1879,negotiate,v.商议，谈判，交涉
1880,raze,v.彻底破坏
1881,demolition,n.破坏，毁坏
1882,surcharge,v.对…收取额外费用；n.附加费
1883,absolute,a.绝对的，完全的; 无(条件)限制的
1884,reprove,v.责骂，申斥
1885,dilate,v.(身体某部位)张大，扩大
1886,hegemony,n.霸权，领导权
1887,heartrending,a.令人心碎的
1888,offish,a.冷淡的
1889,admonish,v.告诫；警告
1890,abscond,v.潜逃，逃亡
1891,barefaced,a.厚颜无耻的，公然的
1892,dampen,v.(使)潮湿；使沮丧，泼凉水
1893,adjunct,n.附加物，附件
1894,anomalous,a.反常的；不规则的
1895,grin,v.露齿而笑
1896,gargantuan,a.巨大的，庞大的
1897,reproof,n.责斥，责备
1898,ceremonious,a.仪式隆重的
1899,tawdry,a.华而不实的，俗丽的
1900,burlesque,n.滑稽讽刺表演
1901,piddling,a.琐碎的，微不足道的
1902,tenable,a.站得住脚的，无懈可击的
1903,concomitant,a.伴随而来的
1904,prolix,a.啰嗦的，冗长的
1905,sinecure,n.挂名差事，闲职
1906,insulate,v.使绝缘；使隔离
1907,palter,v.含糊其词
1908,puerile,a.幼稚的；儿童的
1909,rejoice,v.喜欢，高兴
1910,exhaust,n.(机器排出的)废气，蒸气；v.使非常疲倦
1911,smattering,n.略知；少数
1912,succinct,a.简明的，简洁的
1913,brake,n.刹车；v.减速，阻止
1914,deadpan,a./n.无表情的(脸)
1915,wince,v.避开，畏缩
1916,winsome,a.媚人的，漂亮的
1917,drudgery,n.苦工，苦活
1918,deify,v.奉为神；崇拜
1919,heterodox,a.异端的，非正统的
1920,supplicate,v.恳求，乞求
1921,aggrieve,v.使悲痛
1922,decry,v.责难；贬低(价值)
1923,nil,n.无，零
1924,carp,v.吹毛求疵 n.鲤鱼
1925,indigenous,a.土产的，本地的
1926,hidebound,a.顽固的，心胸狭窄的
1927,scathing,a.苛刻的，严厉的
1928,startle,v.使吃惊
1929,voluble,a.健谈的；易旋转的
1930,dissect,v.解剖
1931,gush,v.涌出；滔滔不绝地说
1932,irascible,a.易发怒的
1933,forfeit,v.没收，丧失；n.丧失物
1934,morose,a.阴郁的
1935,cronyism,n.任人唯亲，对好朋友的偏袒
1936,saddle,n.鞍，马鞍
1937,hypnotic,a.催眠的；n.催眠药
1938,foil,v.阻止，挫败
1939,epigram,n.讽刺短句，警句
1940,embolden,v.鼓励
1941,conservative,a.保守的，守旧的
1942,felony,n.重罪
1943,havoc,n.大破坏，混乱
1944,document,v.为…提供书面证明
1945,scant,a.不足的，缺乏的
1946,exceptional,a.特别(好)的
1947,jocund,a.快乐的，高兴的
1948,sparse,a.稀少的，贫乏的
1949,redeem,v.赎罪
1950,belie,v.掩饰；证明为假
1951,supplant,v.排挤，取代
1952,favorable,a.有利的；赞成的
1953,wag,v.(狗尾巴等)摆动；n.诙谐幽默者
1954,iconoclast,n.攻击传统观念或风俗的人
1955,obliterate,v.涂掉，擦掉
1956,guzzle,v.大吃大喝
1957,deflect,v.偏离，转向
1958,miserly,a.吝啬的，贪婪的
1959,episodic,a.偶然发生的，分散性的
1960,coerce,v.强迫；压制
1961,derelict,a.荒废的；玩忽职守的；n.被遗弃的人
1962,protuberant,a.突出的，隆起的
1963,jeopardy,n.危险
1964,prescience,n.预知，先见
1965,acquainted,a.对某事物熟悉的；对某人认识的
1966,clog,n.障碍; v.阻塞
1967,substantive,a.根本的；独立存在的
1968,vitiate,v.削弱，损害
1969,preen,v.整理羽毛；(人)打扮修饰
1970,masquerade,n.化装舞会；v.伪装
1971,warrant,n.正当理由；许可证
1972,predilection,n.偏袒，爱好
1973,paltry,a.无价值的，微不足道的
1974,bulge,n./v.膨胀，鼓起
1975,discombobulate,v.扰乱，使困惑
1976,wan,a.虚弱的；病态的
1977,sartorial,a.裁缝的，缝制的
1978,snarl,n./v.纠缠，混乱
1979,ineffable,a.妙不可言的
1980,covert,a.秘密的，隐密的
1981,calibrate,v.测量口径；校准
1982,petulant,a.性急的，暴躁的
1983,truce,n.停战，休战(协定)
1984,imperial,a.帝王的，至尊的
1985,extraneous,a.外来的；无关的
1986,drivel,n./v.说废话
1987,stupor,n.昏迷，不醒人事
1988,glossy,a.光泽的，光滑的
1989,bribe,v.贿赂
1990,soothe,v.抚慰；减轻
1991,fusty,a.陈腐的，霉臭的
1992,hale,a.健壮的，矍铄的
1993,enmity,n.敌意，仇恨
1994,loathe,v.憎恨，厌恶
1995,harbinger,n.先驱，先兆
1996,shackle,n.脚镣，枷锁
1997,ramshackle,a.摇摇欲坠的
1998,monotonous,a.单调的，无聊的
1999,bracing,a.令人振奋的；支撑的
